,la,lb,lc,ele
0,0.1525000749578767,0.2602411711199641,0.2521051878312627,0.33515356609089664
